16,AF,42,46577674,Уральский банк
55,AG,43,44030653,Санкт-Петербург и область
20,AG,43,42748634,Калинингpадское ОСБ №8626
25,AG,43,48602673,Карельское ОСБ №8628
41,AG,43,44705615,Мурманское ОСБ №8627
43,AG,43,44959698,Новгородское ОСБ №8629
51,AG,43,45805602,Псковское ОСБ №8630
4100,AG,43,44705615,Кредиты Мурманское ОСБ N8627
4101,AG,43,44705615,Кредиты Мурманское ОСБ N8627
4102,AG,43,44705615,Кредиты Мурманское ОСБ N8627
4103,AG,43,44705615,Кредиты Мурманское ОСБ N8627
4104,AG,43,44705615,Кредиты Мурманское ОСБ N8627
4105,AG,43,44705615,Кредиты Мурманское ОСБ N8627
4106,AG,43,44705615,Кредиты Мурманское ОСБ N8627
4107,AG,43,44705615,Кредиты Мурманское ОСБ N8627
4108,AG,43,44705615,Кредиты Мурманское ОСБ N8627
4109,AG,43,44705615,Кредиты Мурманское ОСБ N8627
4110,AG,43,44705615,Кредиты Мурманское ОСБ N8627
4111,AG,43,44705615,Кредиты Мурманское ОСБ N8627
4112,AG,43,44705615,Кредиты Мурманское ОСБ N8627
4113,AG,43,44705615,Кредиты Мурманское ОСБ N8627
4114,AG,43,44705615,Кредиты Мурманское ОСБ N8627
4115,AG,43,44705615,Кредиты Мурманское ОСБ N8627
4116,AG,43,44705615,Кредиты Мурманское ОСБ N8627
4117,AG,43,44705615,Кредиты Мурманское ОСБ N8627
4118,AG,43,44705615,Кредиты Мурманское ОСБ N8627
4119,AG,43,44705615,Кредиты Мурманское ОСБ N8627
4120,AG,43,44705615,Кредиты Мурманское ОСБ N8627
4121,AG,43,44705615,Кредиты Мурманское ОСБ N8627
4122,AG,43,44705615,Кредиты Мурманское ОСБ N8627
4123,AG,43,44705615,Кредиты Мурманское ОСБ N8627
4124,AG,43,44705615,Кредиты Мурманское ОСБ N8627
4125,AG,43,44705615,Кредиты Мурманское ОСБ N8627
4126,AG,43,44705615,Кредиты Мурманское ОСБ N8627
4127,AG,43,44705615,Кредиты Мурманское ОСБ N8627
4128,AG,43,44705615,Кредиты Мурманское ОСБ N8627
4129,AG,43,44705615,Кредиты Мурманское ОСБ N8627
4130,AG,43,44705615,Кредиты Мурманское ОСБ N8627
4131,AG,43,44705615,Кредиты Мурманское ОСБ N8627
4132,AG,43,44705615,Кредиты Мурманское ОСБ N8627
4133,AG,43,44705615,Кредиты Мурманское ОСБ N8627
4134,AG,43,44705615,Кредиты Мурманское ОСБ N8627
4135,AG,43,44705615,Кредиты Мурманское ОСБ N8627
4136,AG,43,44705615,Кредиты Мурманское ОСБ N8627
4137,AG,43,44705615,Кредиты Мурманское ОСБ N8627
4138,AG,43,44705615,Кредиты Мурманское ОСБ N8627
4139,AG,43,44705615,Кредиты Мурманское ОСБ N8627
4140,AG,43,44705615,Кредиты Мурманское ОСБ N8627
4141,AG,43,44705615,Кредиты Мурманское ОСБ N8627
4142,AG,43,44705615,Кредиты Мурманское ОСБ N8627
4143,AG,43,44705615,Кредиты Мурманское ОСБ N8627
4144,AG,43,44705615,Кредиты Мурманское ОСБ N8627
4145,AG,43,44705615,Кредиты Мурманское ОСБ N8627
4146,AG,43,44705615,Кредиты Мурманское ОСБ N8627
4147,AG,43,44705615,Кредиты Мурманское ОСБ N8627
4148,AG,43,44705615,Кредиты Мурманское ОСБ N8627
4149,AG,43,44705615,Кредиты Мурманское ОСБ N8627
4150,AG,43,44705615,Кредиты Мурманское ОСБ N8627
4151,AG,43,44705615,Кредиты Мурманское ОСБ N8627
4152,AG,43,44705615,Кредиты Мурманское ОСБ N8627
4153,AG,43,44705615,Кредиты Мурманское ОСБ N8627
4154,AG,43,44705615,Кредиты Мурманское ОСБ N8627
4155,AG,43,44705615,Кредиты Мурманское ОСБ N8627
4156,AG,43,44705615,Кредиты Мурманское ОСБ N8627
4157,AG,43,44705615,Кредиты Мурманское ОСБ N8627
4158,AG,43,44705615,Кредиты Мурманское ОСБ N8627
4159,AG,43,44705615,Кредиты Мурманское ОСБ N8627
4160,AG,43,44705615,Кредиты Мурманское ОСБ N8627
4161,AG,43,44705615,Кредиты Мурманское ОСБ N8627
4162,AG,43,44705615,Кредиты Мурманское ОСБ N8627
4163,AG,43,44705615,Кредиты Мурманское ОСБ N8627
4164,AG,43,44705615,Кредиты Мурманское ОСБ N8627
4165,AG,43,44705615,Кредиты Мурманское ОСБ N8627
4166,AG,43,44705615,Кредиты Мурманское ОСБ N8627
4167,AG,43,44705615,Кредиты Мурманское ОСБ N8627
4168,AG,43,44705615,Кредиты Мурманское ОСБ N8627
4169,AG,43,44705615,Кредиты Мурманское ОСБ N8627
4170,AG,43,44705615,Кредиты Мурманское ОСБ N8627
4171,AG,43,44705615,Кредиты Мурманское ОСБ N8627
4172,AG,43,44705615,Кредиты Мурманское ОСБ N8627
4173,AG,43,44705615,Кредиты Мурманское ОСБ N8627
4174,AG,43,44705615,Кредиты Мурманское ОСБ N8627
4175,AG,43,44705615,Кредиты Мурманское ОСБ N8627
4176,AG,43,44705615,Кредиты Мурманское ОСБ N8627
4177,AG,43,44705615,Кредиты Мурманское ОСБ N8627
4178,AG,43,44705615,Кредиты Мурманское ОСБ N8627
4179,AG,43,44705615,Кредиты Мурманское ОСБ N8627
4180,AG,43,44705615,Кредиты Мурманское ОСБ N8627
4181,AG,43,44705615,Кредиты Мурманское ОСБ N8627
4182,AG,43,44705615,Кредиты Мурманское ОСБ N8627
4183,AG,43,44705615,Кредиты Мурманское ОСБ N8627
4184,AG,43,44705615,Кредиты Мурманское ОСБ N8627
4185,AG,43,44705615,Кредиты Мурманское ОСБ N8627
4186,AG,43,44705615,Кредиты Мурманское ОСБ N8627
4187,AG,43,44705615,Кредиты Мурманское ОСБ N8627
4188,AG,43,44705615,Кредиты Мурманское ОСБ N8627
4189,AG,43,44705615,Кредиты Мурманское ОСБ N8627
4190,AG,43,44705615,Кредиты Мурманское ОСБ N8627
4191,AG,43,44705615,Кредиты Мурманское ОСБ N8627
4192,AG,43,44705615,Кредиты Мурманское ОСБ N8627
4193,AG,43,44705615,Кредиты Мурманское ОСБ N8627
4194,AG,43,44705615,Кредиты Мурманское ОСБ N8627
4195,AG,43,44705615,Кредиты Мурманское ОСБ N8627
4196,AG,43,44705615,Кредиты Мурманское ОСБ N8627
4197,AG,43,44705615,Кредиты Мурманское ОСБ N8627
4198,AG,43,44705615,Кредиты Мурманское ОСБ N8627
4199,AG,43,44705615,Кредиты Мурманское ОСБ N8627
3100,AI,45,40407627,Кредиты Восточно-Сибирский банк
3101,AI,45,40407627,Кредиты Восточно-Сибирский банк
3102,AI,45,40407627,Кредиты Восточно-Сибирский банк
3103,AI,45,40407627,Кредиты Восточно-Сибирский банк
3104,AI,45,40407627,Кредиты Восточно-Сибирский банк
3105,AI,45,40407627,Кредиты Восточно-Сибирский банк
3106,AI,45,40407627,Кредиты Восточно-Сибирский банк
3107,AI,45,40407627,Кредиты Восточно-Сибирский банк
3108,AI,45,40407627,Кредиты Восточно-Сибирский банк
3109,AI,45,40407627,Кредиты Восточно-Сибирский банк
3110,AI,45,40407627,Кредиты Восточно-Сибирский банк
3111,AI,45,40407627,Кредиты Восточно-Сибирский банк
3112,AI,45,40407627,Кредиты Восточно-Сибирский банк
3113,AI,45,40407627,Кредиты Восточно-Сибирский банк
3114,AI,45,40407627,Кредиты Восточно-Сибирский банк
3115,AI,45,40407627,Кредиты Восточно-Сибирский банк
3116,AI,45,40407627,Кредиты Восточно-Сибирский банк
3117,AI,45,40407627,Кредиты Восточно-Сибирский банк
3118,AI,45,40407627,Кредиты Восточно-Сибирский банк
3119,AI,45,40407627,Кредиты Восточно-Сибирский банк
3120,AI,45,40407627,Кредиты Восточно-Сибирский банк
31,AI,45,40407627,Восточно-Сибирский банк
65,AI,45,49304631,Кызыльское отделение №8591
7102,AI,45,49514608,Абаканское отделение №8602
3121,AI,45,40407627,Кредиты Восточно-Сибирский банк
3122,AI,45,40407627,Кредиты Восточно-Сибирский банк
3123,AI,45,40407627,Кредиты Восточно-Сибирский банк
3124,AI,45,40407627,Кредиты Восточно-Сибирский банк
3125,AI,45,40407627,Кредиты Восточно-Сибирский банк
3126,AI,45,40407627,Кредиты Восточно-Сибирский банк
3127,AI,45,40407627,Кредиты Восточно-Сибирский банк
3128,AI,45,40407627,Кредиты Восточно-Сибирский банк
3129,AI,45,40407627,Кредиты Восточно-Сибирский банк
3130,AI,45,40407627,Кредиты Восточно-Сибирский банк
3131,AI,45,40407627,Кредиты Восточно-Сибирский банк
3132,AI,45,40407627,Кредиты Восточно-Сибирский банк
3133,AI,45,40407627,Кредиты Восточно-Сибирский банк
3134,AI,45,40407627,Кредиты Восточно-Сибирский банк
3135,AI,45,40407627,Кредиты Восточно-Сибирский банк
3136,AI,45,40407627,Кредиты Восточно-Сибирский банк
3137,AI,45,40407627,Кредиты Восточно-Сибирский банк
3138,AI,45,40407627,Кредиты Восточно-Сибирский банк
3139,AI,45,40407627,Кредиты Восточно-Сибирский банк
3140,AI,45,40407627,Кредиты Восточно-Сибирский банк
3141,AI,45,40407627,Кредиты Восточно-Сибирский банк
3142,AI,45,40407627,Кредиты Восточно-Сибирский банк
3143,AI,45,40407627,Кредиты Восточно-Сибирский банк
3144,AI,45,40407627,Кредиты Восточно-Сибирский банк
3145,AI,45,40407627,Кредиты Восточно-Сибирский банк
3146,AI,45,40407627,Кредиты Восточно-Сибирский банк
3147,AI,45,40407627,Кредиты Восточно-Сибирский банк
3148,AI,45,40407627,Кредиты Восточно-Сибирский банк
3149,AI,45,40407627,Кредиты Восточно-Сибирский банк
3150,AI,45,40407627,Кредиты Восточно-Сибирский банк
3151,AI,45,40407627,Кредиты Восточно-Сибирский банк
3152,AI,45,40407627,Кредиты Восточно-Сибирский банк
3153,AI,45,40407627,Кредиты Восточно-Сибирский банк
3154,AI,45,40407627,Кредиты Восточно-Сибирский банк
3155,AI,45,40407627,Кредиты Восточно-Сибирский банк
3156,AI,45,40407627,Кредиты Восточно-Сибирский банк
3157,AI,45,40407627,Кредиты Восточно-Сибирский банк
3158,AI,45,40407627,Кредиты Восточно-Сибирский банк
3159,AI,45,40407627,Кредиты Восточно-Сибирский банк
3160,AI,45,40407627,Кредиты Восточно-Сибирский банк
3161,AI,45,40407627,Кредиты Восточно-Сибирский банк
3162,AI,45,40407627,Кредиты Восточно-Сибирский банк
3163,AI,45,40407627,Кредиты Восточно-Сибирский банк
3164,AI,45,40407627,Кредиты Восточно-Сибирский банк
3165,AI,45,40407627,Кредиты Восточно-Сибирский банк
3166,AI,45,40407627,Кредиты Восточно-Сибирский банк
3167,AI,45,40407627,Кредиты Восточно-Сибирский банк
3168,AI,45,40407627,Кредиты Восточно-Сибирский банк
3169,AI,45,40407627,Кредиты Восточно-Сибирский банк
3170,AI,45,40407627,Кредиты Восточно-Сибирский банк
3171,AI,45,40407627,Кредиты Восточно-Сибирский банк
3172,AI,45,40407627,Кредиты Восточно-Сибирский банк
3173,AI,45,40407627,Кредиты Восточно-Сибирский банк
3174,AI,45,40407627,Кредиты Восточно-Сибирский банк
3175,AI,45,40407627,Кредиты Восточно-Сибирский банк
3176,AI,45,40407627,Кредиты Восточно-Сибирский банк
3177,AI,45,40407627,Кредиты Восточно-Сибирский банк
3178,AI,45,40407627,Кредиты Восточно-Сибирский банк
3179,AI,45,40407627,Кредиты Восточно-Сибирский банк
3180,AI,45,40407627,Кредиты Восточно-Сибирский банк
3181,AI,45,40407627,Кредиты Восточно-Сибирский банк
3182,AI,45,40407627,Кредиты Восточно-Сибирский банк
3183,AI,45,40407627,Кредиты Восточно-Сибирский банк
3184,AI,45,40407627,Кредиты Восточно-Сибирский банк
3185,AI,45,40407627,Кредиты Восточно-Сибирский банк
3186,AI,45,40407627,Кредиты Восточно-Сибирский банк
3187,AI,45,40407627,Кредиты Восточно-Сибирский банк
3188,AI,45,40407627,Кредиты Восточно-Сибирский банк
3189,AI,45,40407627,Кредиты Восточно-Сибирский банк
3190,AI,45,40407627,Кредиты Восточно-Сибирский банк
3191,AI,45,40407627,Кредиты Восточно-Сибирский банк
3192,AI,45,40407627,Кредиты Восточно-Сибирский банк
3193,AI,45,40407627,Кредиты Восточно-Сибирский банк
3194,AI,45,40407627,Кредиты Восточно-Сибирский банк
3195,AI,45,40407627,Кредиты Восточно-Сибирский банк
3196,AI,45,40407627,Кредиты Восточно-Сибирский банк
3197,AI,45,40407627,Кредиты Восточно-Сибирский банк
3198,AI,45,40407627,Кредиты Восточно-Сибирский банк
3199,AI,45,40407627,Кредиты Восточно-Сибирский банк
6,AT,56,48073601,Башкирское ОСБ №8598
72,AU,57,47501602,Челябинское ОСБ №8597
7200,AU,57,47501602,Челябинское ОСБ №8597
7201,AU,57,47501602,Челябинское ОСБ №8597
7202,AU,57,47501602,Челябинское ОСБ №8597
7203,AU,57,47501602,Челябинское ОСБ №8597
7204,AU,57,47501602,Челябинское ОСБ №8597
7205,AU,57,47501602,Челябинское ОСБ №8597
7206,AU,57,47501602,Челябинское ОСБ №8597
7207,AU,57,47501602,Челябинское ОСБ №8597
7208,AU,57,47501602,Челябинское ОСБ №8597
7209,AU,57,47501602,Челябинское ОСБ №8597
7210,AU,57,47501602,Челябинское ОСБ №8597
7211,AU,57,47501602,Челябинское ОСБ №8597
7212,AU,57,47501602,Челябинское ОСБ №8597
7213,AU,57,47501602,Челябинское ОСБ №8597
7214,AU,57,47501602,Челябинское ОСБ №8597
7215,AU,57,47501602,Челябинское ОСБ №8597
7216,AU,57,47501602,Челябинское ОСБ №8597
7217,AU,57,47501602,Челябинское ОСБ №8597
7218,AU,57,47501602,Челябинское ОСБ №8597
7219,AU,57,47501602,Челябинское ОСБ №8597
7220,AU,57,47501602,Челябинское ОСБ №8597
7221,AU,57,47501602,Челябинское ОСБ №8597
7222,AU,57,47501602,Челябинское ОСБ №8597
7223,AU,57,47501602,Челябинское ОСБ №8597
7224,AU,57,47501602,Челябинское ОСБ №8597
7225,AU,57,47501602,Челябинское ОСБ №8597
7226,AU,57,47501602,Челябинское ОСБ №8597
7227,AU,57,47501602,Челябинское ОСБ №8597
7228,AU,57,47501602,Челябинское ОСБ №8597
7229,AU,57,47501602,Челябинское ОСБ №8597
7230,AU,57,47501602,Челябинское ОСБ №8597
7231,AU,57,47501602,Челябинское ОСБ №8597
7232,AU,57,47501602,Челябинское ОСБ №8597
7233,AU,57,47501602,Челябинское ОСБ №8597
7234,AU,57,47501602,Челябинское ОСБ №8597
7235,AU,57,47501602,Челябинское ОСБ №8597
7236,AU,57,47501602,Челябинское ОСБ №8597
7237,AU,57,47501602,Челябинское ОСБ №8597
7238,AU,57,47501602,Челябинское ОСБ №8597
7239,AU,57,47501602,Челябинское ОСБ №8597
7240,AU,57,47501602,Челябинское ОСБ №8597
7241,AU,57,47501602,Челябинское ОСБ №8597
7242,AU,57,47501602,Челябинское ОСБ №8597
7243,AU,57,47501602,Челябинское ОСБ №8597
7244,AU,57,47501602,Челябинское ОСБ №8597
7245,AU,57,47501602,Челябинское ОСБ №8597
7246,AU,57,47501602,Челябинское ОСБ №8597
7247,AU,57,47501602,Челябинское ОСБ №8597
7248,AU,57,47501602,Челябинское ОСБ №8597
7249,AU,57,47501602,Челябинское ОСБ №8597
7250,AU,57,47501602,Челябинское ОСБ №8597
7251,AU,57,47501602,Челябинское ОСБ №8597
7252,AU,57,47501602,Челябинское ОСБ №8597
7253,AU,57,47501602,Челябинское ОСБ №8597
7254,AU,57,47501602,Челябинское ОСБ №8597
7255,AU,57,47501602,Челябинское ОСБ №8597
7256,AU,57,47501602,Челябинское ОСБ №8597
7257,AU,57,47501602,Челябинское ОСБ №8597
7258,AU,57,47501602,Челябинское ОСБ №8597
7259,AU,57,47501602,Челябинское ОСБ №8597
7260,AU,57,47501602,Челябинское ОСБ №8597
7261,AU,57,47501602,Челябинское ОСБ №8597
7262,AU,57,47501602,Челябинское ОСБ №8597
7263,AU,57,47501602,Челябинское ОСБ №8597
7264,AU,57,47501602,Челябинское ОСБ №8597
7265,AU,57,47501602,Челябинское ОСБ №8597
7266,AU,57,47501602,Челябинское ОСБ №8597
7267,AU,57,47501602,Челябинское ОСБ №8597
7268,AU,57,47501602,Челябинское ОСБ №8597
7269,AU,57,47501602,Челябинское ОСБ №8597
7270,AU,57,47501602,Челябинское ОСБ №8597
7271,AU,57,47501602,Челябинское ОСБ №8597
7272,AU,57,47501602,Челябинское ОСБ №8597
7273,AU,57,47501602,Челябинское ОСБ №8597
7274,AU,57,47501602,Челябинское ОСБ №8597
7275,AU,57,47501602,Челябинское ОСБ №8597
7276,AU,57,47501602,Челябинское ОСБ №8597
7277,AU,57,47501602,Челябинское ОСБ №8597
7278,AU,57,47501602,Челябинское ОСБ №8597
7279,AU,57,47501602,Челябинское ОСБ №8597
7280,AU,57,47501602,Челябинское ОСБ №8597
7281,AU,57,47501602,Челябинское ОСБ №8597
7282,AU,57,47501602,Челябинское ОСБ №8597
7283,AU,57,47501602,Челябинское ОСБ №8597
7284,AU,57,47501602,Челябинское ОСБ №8597
7285,AU,57,47501602,Челябинское ОСБ №8597
7286,AU,57,47501602,Челябинское ОСБ №8597
7287,AU,57,47501602,Челябинское ОСБ №8597
7288,AU,57,47501602,Челябинское ОСБ №8597
7289,AU,57,47501602,Челябинское ОСБ №8597
7290,AU,57,47501602,Челябинское ОСБ №8597
7291,AU,57,47501602,Челябинское ОСБ №8597
7292,AU,57,47501602,Челябинское ОСБ №8597
7293,AU,57,47501602,Челябинское ОСБ №8597
7294,AU,57,47501602,Челябинское ОСБ №8597
7295,AU,57,47501602,Челябинское ОСБ №8597
7296,AU,57,47501602,Челябинское ОСБ №8597
7297,AU,57,47501602,Челябинское ОСБ №8597
7298,AU,57,47501602,Челябинское ОСБ №8597
7299,AU,57,47501602,Челябинское ОСБ №8597
67,AV,58,47102651,Тюменская область Западно-Сибирский банк
45,AV,58,45209673,Омская область Западно-Сибирский банк
32,AW,59,43735650,Курганское ОСБ №8599
4,AX,60,41117601,АРХАНГЕЛЬСКОЕ ОСБ №8637
12,AX,60,41909644,ВОЛОГОДСКОЕ ОСБ №8638
17,AX,60,42406608,ИВАНОВСКОЕ ОСБ №8639
29,AX,60,43469623,КОСТРОМСКОЕ ОСБ №8640
77,AX,60,47888670,Ярославль и область
7763,AX,60,47888670,Кредиты Ярославль и область
7764,AX,60,47888670,Кредиты Ярославль и область
7765,AX,60,47888670,Кредиты Ярославль и область
7766,AX,60,47888670,Кредиты Ярославль и область
7767,AX,60,47888670,Кредиты Ярославль и область
7768,AX,60,47888670,Кредиты Ярославль и область
7769,AX,60,47888670,Кредиты Ярославль и область
7770,AX,60,47888670,Кредиты Ярославль и область
7771,AX,60,47888670,Кредиты Ярославль и область
7772,AX,60,47888670,Кредиты Ярославль и область
7773,AX,60,47888670,Кредиты Ярославль и область
7774,AX,60,47888670,Кредиты Ярославль и область
7775,AX,60,47888670,Кредиты Ярославль и область
7776,AX,60,47888670,Кредиты Ярославль и область
7777,AX,60,47888670,Кредиты Ярославль и область
7778,AX,60,47888670,Кредиты Ярославль и область
7779,AX,60,47888670,Кредиты Ярославль и область
7780,AX,60,47888670,Кредиты Ярославль и область
7781,AX,60,47888670,Кредиты Ярославль и область
7782,AX,60,47888670,Кредиты Ярославль и область
7783,AX,60,47888670,Кредиты Ярославль и область
7784,AX,60,47888670,Кредиты Ярославль и область
7785,AX,60,47888670,Кредиты Ярославль и область
7786,AX,60,47888670,Кредиты Ярославль и область
7787,AX,60,47888670,Кредиты Ярославль и область
7788,AX,60,47888670,Кредиты Ярославль и область
7789,AX,60,47888670,Кредиты Ярославль и область
7790,AX,60,47888670,Кредиты Ярославль и область
7791,AX,60,47888670,Кредиты Ярославль и область
7792,AX,60,47888670,Кредиты Ярославль и область
7793,AX,60,47888670,Кредиты Ярославль и область
7794,AX,60,47888670,Кредиты Ярославль и область
7795,AX,60,47888670,Кредиты Ярославль и область
7796,AX,60,47888670,Кредиты Ярославль и область
7797,AX,60,47888670,Кредиты Ярославль и область
7798,AX,60,47888670,Кредиты Ярославль и область
7799,AX,60,47888670,Кредиты Ярославль и область
7700,AX,60,47888670,Кредиты Ярославль и область
7701,AX,60,47888670,Кредиты Ярославль и область
7702,AX,60,47888670,Кредиты Ярославль и область
7703,AX,60,47888670,Кредиты Ярославль и область
7704,AX,60,47888670,Кредиты Ярославль и область
7705,AX,60,47888670,Кредиты Ярославль и область
7706,AX,60,47888670,Кредиты Ярославль и область
7707,AX,60,47888670,Кредиты Ярославль и область
7708,AX,60,47888670,Кредиты Ярославль и область
7709,AX,60,47888670,Кредиты Ярославль и область
7710,AX,60,47888670,Кредиты Ярославль и область
7711,AX,60,47888670,Кредиты Ярославль и область
7712,AX,60,47888670,Кредиты Ярославль и область
7713,AX,60,47888670,Кредиты Ярославль и область
7714,AX,60,47888670,Кредиты Ярославль и область
7715,AX,60,47888670,Кредиты Ярославль и область
7716,AX,60,47888670,Кредиты Ярославль и область
7717,AX,60,47888670,Кредиты Ярославль и область
7718,AX,60,47888670,Кредиты Ярославль и область
7719,AX,60,47888670,Кредиты Ярославль и область
7720,AX,60,47888670,Кредиты Ярославль и область
7721,AX,60,47888670,Кредиты Ярославль и область
7722,AX,60,47888670,Кредиты Ярославль и область
7723,AX,60,47888670,Кредиты Ярославль и область
7724,AX,60,47888670,Кредиты Ярославль и область
7725,AX,60,47888670,Кредиты Ярославль и область
7726,AX,60,47888670,Кредиты Ярославль и область
7727,AX,60,47888670,Кредиты Ярославль и область
7728,AX,60,47888670,Кредиты Ярославль и область
7729,AX,60,47888670,Кредиты Ярославль и область
7730,AX,60,47888670,Кредиты Ярославль и область
7731,AX,60,47888670,Кредиты Ярославль и область
7732,AX,60,47888670,Кредиты Ярославль и область
7733,AX,60,47888670,Кредиты Ярославль и область
7734,AX,60,47888670,Кредиты Ярославль и область
7735,AX,60,47888670,Кредиты Ярославль и область
7736,AX,60,47888670,Кредиты Ярославль и область
7737,AX,60,47888670,Кредиты Ярославль и область
7738,AX,60,47888670,Кредиты Ярославль и область
7739,AX,60,47888670,Кредиты Ярославль и область
7740,AX,60,47888670,Кредиты Ярославль и область
7741,AX,60,47888670,Кредиты Ярославль и область
7742,AX,60,47888670,Кредиты Ярославль и область
7743,AX,60,47888670,Кредиты Ярославль и область
7744,AX,60,47888670,Кредиты Ярославль и область
7745,AX,60,47888670,Кредиты Ярославль и область
7746,AX,60,47888670,Кредиты Ярославль и область
7747,AX,60,47888670,Кредиты Ярославль и область
7748,AX,60,47888670,Кредиты Ярославль и область
7749,AX,60,47888670,Кредиты Ярославль и область
7750,AX,60,47888670,Кредиты Ярославль и область
7751,AX,60,47888670,Кредиты Ярославль и область
7752,AX,60,47888670,Кредиты Ярославль и область
7753,AX,60,47888670,Кредиты Ярославль и область
7754,AX,60,47888670,Кредиты Ярославль и область
7755,AX,60,47888670,Кредиты Ярославль и область
7756,AX,60,47888670,Кредиты Ярославль и область
7757,AX,60,47888670,Кредиты Ярославль и область
7758,AX,60,47888670,Кредиты Ярославль и область
7759,AX,60,47888670,Кредиты Ярославль и область
7760,AX,60,47888670,Кредиты Ярославль и область
7761,AX,60,47888670,Кредиты Ярославль и область
7762,AX,60,47888670,Кредиты Ярославль и область
5200,BG,79,46015602,Кредиты Ростовская область
5201,BG,79,46015602,Кредиты Ростовская область
5202,BG,79,46015602,Кредиты Ростовская область
5203,BG,79,46015602,Кредиты Ростовская область
5204,BG,79,46015602,Кредиты Ростовская область
5205,BG,79,46015602,Кредиты Ростовская область
5206,BG,79,46015602,Кредиты Ростовская область
5207,BG,79,46015602,Кредиты Ростовская область
5208,BG,79,46015602,Кредиты Ростовская область
5209,BG,79,46015602,Кредиты Ростовская область
5210,BG,79,46015602,Кредиты Ростовская область
5211,BG,79,46015602,Кредиты Ростовская область
5212,BG,79,46015602,Кредиты Ростовская область
5213,BG,79,46015602,Кредиты Ростовская область
5214,BG,79,46015602,Кредиты Ростовская область
5215,BG,79,46015602,Кредиты Ростовская область
5216,BG,79,46015602,Кредиты Ростовская область
5217,BG,79,46015602,Кредиты Ростовская область
5218,BG,79,46015602,Кредиты Ростовская область
5219,BG,79,46015602,Кредиты Ростовская область
5220,BG,79,46015602,Кредиты Ростовская область
5221,BG,79,46015602,Кредиты Ростовская область
5222,BG,79,46015602,Кредиты Ростовская область
5223,BG,79,46015602,Кредиты Ростовская область
5224,BG,79,46015602,Кредиты Ростовская область
5225,BG,79,46015602,Кредиты Ростовская область
5226,BG,79,46015602,Кредиты Ростовская область
5227,BG,79,46015602,Кредиты Ростовская область
5228,BG,79,46015602,Кредиты Ростовская область
5229,BG,79,46015602,Кредиты Ростовская область
5230,BG,79,46015602,Кредиты Ростовская область
5231,BG,79,46015602,Кредиты Ростовская область
5232,BG,79,46015602,Кредиты Ростовская область
5233,BG,79,46015602,Кредиты Ростовская область
5234,BG,79,46015602,Кредиты Ростовская область
5235,BG,79,46015602,Кредиты Ростовская область
5236,BG,79,46015602,Кредиты Ростовская область
5237,BG,79,46015602,Кредиты Ростовская область
5238,BG,79,46015602,Кредиты Ростовская область
5239,BG,79,46015602,Кредиты Ростовская область
5240,BG,79,46015602,Кредиты Ростовская область
5241,BG,79,46015602,Кредиты Ростовская область
5242,BG,79,46015602,Кредиты Ростовская область
5243,BG,79,46015602,Кредиты Ростовская область
5244,BG,79,46015602,Кредиты Ростовская область
5245,BG,79,46015602,Кредиты Ростовская область
5246,BG,79,46015602,Кредиты Ростовская область
5247,BG,79,46015602,Кредиты Ростовская область
5248,BG,79,46015602,Кредиты Ростовская область
5249,BG,79,46015602,Кредиты Ростовская область
5250,BG,79,46015602,Кредиты Ростовская область
5251,BG,79,46015602,Кредиты Ростовская область
5252,BG,79,46015602,Кредиты Ростовская область
5253,BG,79,46015602,Кредиты Ростовская область
5254,BG,79,46015602,Кредиты Ростовская область
5255,BG,79,46015602,Кредиты Ростовская область
5256,BG,79,46015602,Кредиты Ростовская область
5257,BG,79,46015602,Кредиты Ростовская область
5258,BG,79,46015602,Кредиты Ростовская область
5259,BG,79,46015602,Кредиты Ростовская область
5260,BG,79,46015602,Кредиты Ростовская область
5261,BG,79,46015602,Кредиты Ростовская область
5262,BG,79,46015602,Кредиты Ростовская область
5263,BG,79,46015602,Кредиты Ростовская область
5264,BG,79,46015602,Кредиты Ростовская область
5265,BG,79,46015602,Кредиты Ростовская область
5266,BG,79,46015602,Кредиты Ростовская область
5267,BG,79,46015602,Кредиты Ростовская область
5268,BG,79,46015602,Кредиты Ростовская область
5269,BG,79,46015602,Кредиты Ростовская область
5270,BG,79,46015602,Кредиты Ростовская область
5271,BG,79,46015602,Кредиты Ростовская область
5272,BG,79,46015602,Кредиты Ростовская область
5273,BG,79,46015602,Кредиты Ростовская область
5274,BG,79,46015602,Кредиты Ростовская область
5275,BG,79,46015602,Кредиты Ростовская область
5276,BG,79,46015602,Кредиты Ростовская область
5277,BG,79,46015602,Кредиты Ростовская область
5278,BG,79,46015602,Кредиты Ростовская область
5279,BG,79,46015602,Кредиты Ростовская область
5280,BG,79,46015602,Кредиты Ростовская область
5281,BG,79,46015602,Кредиты Ростовская область
5282,BG,79,46015602,Кредиты Ростовская область
5283,BG,79,46015602,Кредиты Ростовская область
5284,BG,79,46015602,Кредиты Ростовская область
5285,BG,79,46015602,Кредиты Ростовская область
5286,BG,79,46015602,Кредиты Ростовская область
5287,BG,79,46015602,Кредиты Ростовская область
5288,BG,79,46015602,Кредиты Ростовская область
5289,BG,79,46015602,Кредиты Ростовская область
5290,BG,79,46015602,Кредиты Ростовская область
5291,BG,79,46015602,Кредиты Ростовская область
5292,BG,79,46015602,Кредиты Ростовская область
5293,BG,79,46015602,Кредиты Ростовская область
5294,BG,79,46015602,Кредиты Ростовская область
5295,BG,79,46015602,Кредиты Ростовская область
5296,BG,79,46015602,Кредиты Ростовская область
5297,BG,79,46015602,Кредиты Ростовская область
5298,BG,79,46015602,Кредиты Ростовская область
5299,BG,79,46015602,Кредиты Ростовская область
52,BG,79,46015602,Ростовская область
30,BG,79,40349602,Краснодарское ОСБ № ...
3001,BG,79,40349602,Краснодарское ОСБ № ...
1,BG,79,46015602,Р.Адыгея
3002,BG,79,40349602,Краснодарское ОСБ № ...
3003,BG,79,46015602,Краснодарский край
3004,BG,79,46015602,Краснодарский край
3005,BG,79,46015602,Краснодарский край
3006,BG,79,46015602,Краснодарский край
3007,BG,79,46015602,Краснодарский край
3008,BG,79,46015602,Краснодарский край
3009,BG,79,40349602,Краснодарское ОСБ № ...
3010,BG,79,46015602,Краснодарский край
3011,BG,79,40349602,Краснодарское ОСБ № ...
3012,BG,79,46015602,Краснодарское ОСБ № ...
3013,BG,79,46015602,Краснодарское ОСБ № ...
3014,BG,79,46015602,Краснодарское ОСБ № ...
3015,BG,79,46015602,Краснодарское ОСБ № ...
3016,BG,79,46015602,Краснодарское ОСБ № ...
3017,BG,79,46015602,Краснодарское ОСБ № ...
3018,BG,79,46015602,Краснодарское ОСБ № ...
3019,BG,79,46015602,Краснодарское ОСБ № ...
3020,BG,79,46015602,Краснодарское ОСБ № ...
3021,BG,79,46015602,Краснодарское ОСБ № ...
3022,BG,79,46015602,Краснодарское ОСБ № ...
3023,BG,79,46015602,Краснодарское ОСБ № ...
3024,BG,79,46015602,Краснодарское ОСБ № ...
3025,BG,79,46015602,Краснодарское ОСБ № ...
3026,BG,79,46015602,Краснодарское ОСБ № ...
3027,BG,79,46015602,Краснодарское ОСБ № ...
3028,BG,79,46015602,Краснодарское ОСБ № ...
3029,BG,79,46015602,Краснодарское ОСБ № ...
3030,BG,79,46015602,Краснодарское ОСБ № ...
3031,BG,79,46015602,Краснодарское ОСБ № ...
3032,BG,79,46015602,Краснодарское ОСБ № ...
3033,BG,79,46015602,Краснодарское ОСБ № ...
3034,BG,79,46015602,Краснодарское ОСБ № ...
3035,BG,79,46015602,Краснодарское ОСБ № ...
3036,BG,79,46015602,Краснодарское ОСБ № ...
3037,BG,79,46015602,Краснодарское ОСБ № ...
3038,BG,79,46015602,Краснодарское ОСБ № ...
3039,BG,79,46015602,Краснодарское ОСБ № ...
3040,BG,79,40349602,Краснодарское ОСБ № ...
3041,BG,79,46015602,Краснодарское ОСБ № ...
3042,BG,79,46015602,Краснодарский край
3043,BG,79,46015602,Краснодарский край
3044,BG,79,46015602,Краснодарский край
3045,BG,79,46015602,Краснодарский край
3046,BG,79,46015602,Краснодарский край
3047,BG,79,46015602,Краснодарский край
3048,BG,79,46015602,Краснодарский край
3049,BG,79,46015602,Краснодарский край
3050,BG,79,46015602,Краснодарский край
3051,BG,79,46015602,Краснодарский край
3052,BG,79,46015602,Краснодарский край
3053,BG,79,46015602,Краснодарский край
3054,BG,79,46015602,Краснодарский край
3055,BG,79,46015602,Краснодарский край
3056,BG,79,46015602,Краснодарский край
3057,BG,79,46015602,Краснодарский край
3058,BG,79,46015602,Краснодарский край
3059,BG,79,46015602,Краснодарский край
3060,BG,79,46015602,Краснодарский край
3061,BG,79,46015602,Краснодарский край
3062,BG,79,46015602,Краснодарский край
3063,BG,79,46015602,Краснодарский край
3064,BG,79,46015602,Краснодарский край
3065,BG,79,46015602,Краснодарский край
3066,BG,79,46015602,Краснодарский край
3067,BG,79,46015602,Краснодарский край
3068,BG,79,46015602,Краснодарский край
3069,BG,79,46015602,Краснодарский край
3070,BG,79,46015602,Краснодарский край
3071,BG,79,46015602,Краснодарский край
3072,BG,79,46015602,Краснодарский край
3073,BG,79,46015602,Краснодарский край
3074,BG,79,46015602,Краснодарский край
3075,BG,79,46015602,Краснодарский край
3076,BG,79,46015602,Краснодарский край
3077,BG,79,46015602,Краснодарский край
3078,BG,79,46015602,Краснодарский край
3079,BG,79,46015602,Краснодарский край
3080,BG,79,46015602,Краснодарский край
3081,BG,79,46015602,Краснодарский край
3082,BG,79,46015602,Краснодарский край
3083,BG,79,46015602,Краснодарский край
3084,BG,79,46015602,Краснодарский край
3085,BG,79,46015602,Краснодарский край
3086,BG,79,46015602,Краснодарский край
3087,BG,79,46015602,Краснодарский край
3088,BG,79,46015602,Краснодарский край
3089,BG,79,46015602,Краснодарский край
3090,BG,79,46015602,Краснодарский край
3091,BG,79,46015602,Краснодарский край
3092,BG,79,46015602,Краснодарский край
3093,BG,79,46015602,Краснодарский край
3094,BG,79,46015602,Краснодарский край
3095,BG,79,46015602,Краснодарский край
3096,BG,79,46015602,Краснодарский край
3097,BG,79,46015602,Краснодарский край
3098,BG,79,46015602,Краснодарский край
3099,BG,79,46015602,Краснодарский край
100,BG,79,46015602,Кредиты Р.Адыгея
101,BG,79,46015602,Кредиты Р.Адыгея
102,BG,79,46015602,Кредиты Р.Адыгея
103,BG,79,46015602,Кредиты Р.Адыгея
104,BG,79,46015602,Кредиты Р.Адыгея
105,BG,79,46015602,Кредиты Р.Адыгея
106,BG,79,46015602,Кредиты Р.Адыгея
107,BG,79,46015602,Кредиты Р.Адыгея
108,BG,79,46015602,Кредиты Р.Адыгея
109,BG,79,46015602,Кредиты Р.Адыгея
110,BG,79,46015602,Кредиты Р.Адыгея
111,BG,79,46015602,Кредиты Р.Адыгея
112,BG,79,46015602,Кредиты Р.Адыгея
113,BG,79,46015602,Кредиты Р.Адыгея
114,BG,79,46015602,Кредиты Р.Адыгея
115,BG,79,46015602,Кредиты Р.Адыгея
116,BG,79,46015602,Кредиты Р.Адыгея
117,BG,79,46015602,Кредиты Р.Адыгея
118,BG,79,46015602,Кредиты Р.Адыгея
119,BG,79,46015602,Кредиты Р.Адыгея
120,BG,79,46015602,Кредиты Р.Адыгея
121,BG,79,46015602,Кредиты Р.Адыгея
122,BG,79,46015602,Кредиты Р.Адыгея
123,BG,79,46015602,Кредиты Р.Адыгея
124,BG,79,46015602,Кредиты Р.Адыгея
125,BG,79,46015602,Кредиты Р.Адыгея
126,BG,79,46015602,Кредиты Р.Адыгея
127,BG,79,46015602,Кредиты Р.Адыгея
128,BG,79,46015602,Кредиты Р.Адыгея
129,BG,79,46015602,Кредиты Р.Адыгея
130,BG,79,46015602,Кредиты Р.Адыгея
131,BG,79,46015602,Кредиты Р.Адыгея
132,BG,79,46015602,Кредиты Р.Адыгея
133,BG,79,46015602,Кредиты Р.Адыгея
134,BG,79,46015602,Кредиты Р.Адыгея
135,BG,79,46015602,Кредиты Р.Адыгея
136,BG,79,46015602,Кредиты Р.Адыгея
137,BG,79,46015602,Кредиты Р.Адыгея
138,BG,79,46015602,Кредиты Р.Адыгея
139,BG,79,46015602,Кредиты Р.Адыгея
140,BG,79,46015602,Кредиты Р.Адыгея
141,BG,79,46015602,Кредиты Р.Адыгея
142,BG,79,46015602,Кредиты Р.Адыгея
143,BG,79,46015602,Кредиты Р.Адыгея
144,BG,79,46015602,Кредиты Р.Адыгея
145,BG,79,46015602,Кредиты Р.Адыгея
146,BG,79,46015602,Кредиты Р.Адыгея
147,BG,79,46015602,Кредиты Р.Адыгея
148,BG,79,46015602,Кредиты Р.Адыгея
149,BG,79,46015602,Кредиты Р.Адыгея
150,BG,79,46015602,Кредиты Р.Адыгея
151,BG,79,46015602,Кредиты Р.Адыгея
152,BG,79,46015602,Кредиты Р.Адыгея
153,BG,79,46015602,Кредиты Р.Адыгея
154,BG,79,46015602,Кредиты Р.Адыгея
155,BG,79,46015602,Кредиты Р.Адыгея
156,BG,79,46015602,Кредиты Р.Адыгея
157,BG,79,46015602,Кредиты Р.Адыгея
158,BG,79,46015602,Кредиты Р.Адыгея
159,BG,79,46015602,Кредиты Р.Адыгея
160,BG,79,46015602,Кредиты Р.Адыгея
161,BG,79,46015602,Кредиты Р.Адыгея
162,BG,79,46015602,Кредиты Р.Адыгея
163,BG,79,46015602,Кредиты Р.Адыгея
164,BG,79,46015602,Кредиты Р.Адыгея
165,BG,79,46015602,Кредиты Р.Адыгея
166,BG,79,46015602,Кредиты Р.Адыгея
167,BG,79,46015602,Кредиты Р.Адыгея
168,BG,79,46015602,Кредиты Р.Адыгея
169,BG,79,46015602,Кредиты Р.Адыгея
170,BG,79,46015602,Кредиты Р.Адыгея
171,BG,79,46015602,Кредиты Р.Адыгея
172,BG,79,46015602,Кредиты Р.Адыгея
173,BG,79,46015602,Кредиты Р.Адыгея
174,BG,79,46015602,Кредиты Р.Адыгея
175,BG,79,46015602,Кредиты Р.Адыгея
176,BG,79,46015602,Кредиты Р.Адыгея
177,BG,79,46015602,Кредиты Р.Адыгея
178,BG,79,46015602,Кредиты Р.Адыгея
179,BG,79,46015602,Кредиты Р.Адыгея
180,BG,79,46015602,Кредиты Р.Адыгея
181,BG,79,46015602,Кредиты Р.Адыгея
182,BG,79,46015602,Кредиты Р.Адыгея
183,BG,79,46015602,Кредиты Р.Адыгея
184,BG,79,46015602,Кредиты Р.Адыгея
185,BG,79,46015602,Кредиты Р.Адыгея
186,BG,79,46015602,Кредиты Р.Адыгея
187,BG,79,46015602,Кредиты Р.Адыгея
188,BG,79,46015602,Кредиты Р.Адыгея
189,BG,79,46015602,Кредиты Р.Адыгея
190,BG,79,46015602,Кредиты Р.Адыгея
191,BG,79,46015602,Кредиты Р.Адыгея
192,BG,79,46015602,Кредиты Р.Адыгея
193,BG,79,46015602,Кредиты Р.Адыгея
194,BG,79,46015602,Кредиты Р.Адыгея
195,BG,79,46015602,Кредиты Р.Адыгея
196,BG,79,46015602,Кредиты Р.Адыгея
197,BG,79,46015602,Кредиты Р.Адыгея
198,BG,79,46015602,Кредиты Р.Адыгея
199,BG,79,46015602,Кредиты Р.Адыгея
70,BI,81,40813608,Дальневосточного банка (пока только Хабаровск)
7000,BI,81,40813608,Аппарат ДВБ
300,BI,81,41012603,Благовещенское ОСБ 8636
5026,BI,81,40507601,Приморское ОСБ 8635
5034,BI,81,46401642,Сахалинское ОСБ 8567
7005,BI,81,40825601,Центральное ОСБ 4205
53,BL,84,46126614,Рязанское ОСБ №8606
13,BW,95,42007681,Воронежская область
40,CG,115,44525225,Кредиты Среднерусского банка
8,CH,116,41501601,Кредиты Брянск
59,CI,117,46614632,Кредиты Смоленск
66,CJ,118,47003608,Кредиты Тула
22,CK,119,42908612,Кредиты Калуга
63,CL,120,42809679,Кредиты Тверь
6002,CN,122,40702660,Кредиты Ставрополь
6003,CN,122,40702660,Кредиты Ставрополь
6005,CN,122,40702660,Кредиты Ставрополь
6008,CN,122,40702660,Кредиты Ставрополь
6009,CN,122,40702660,Кредиты Ставрополь
6028,CN,122,40702660,Кредиты Ставрополь
6025,CN,122,40702660,Кредиты Ставрополь
6026,CN,122,40702660,Кредиты Ставрополь
6006,CN,122,40702660,Кредиты Ставрополь
6007,CN,122,40702660,Кредиты Ставрополь
6016,CN,122,40702660,Кредиты Ставрополь
1857,CN,122,40702660,Кредиты Ставрополь
6017,CN,122,40702660,Кредиты Ставрополь
1858,CN,122,40702660,Кредиты Ставрополь
6018,CN,122,40702660,Кредиты Ставрополь
6019,CN,122,40702660,Кредиты Ставрополь
6020,CN,122,40702660,Кредиты Ставрополь
6021,CN,122,40702660,Кредиты Ставрополь
6023,CN,122,40702660,Кредиты Ставрополь
6010,CN,122,40702660,Кредиты Ставрополь
6011,CN,122,40702660,Кредиты Ставрополь
6012,CN,122,40702660,Кредиты Ставрополь
6013,CN,122,40702660,Кредиты Ставрополь
6014,CN,122,40702660,Кредиты Ставрополь
6015,CN,122,40702660,Кредиты Ставрополь
6029,CN,122,40702660,Кредиты Ставрополь
6004,CN,122,40702660,Кредиты Ставрополь
6030,CN,122,40702660,Кредиты Ставрополь
6031,CN,122,40702660,Кредиты Ставрополь
6032,CN,122,40702660,Кредиты Ставрополь
6033,CN,122,40702660,Кредиты Ставрополь
6034,CN,122,40702660,Кредиты Ставрополь
6000,CN,122,40702660,Кредиты Ставрополь
6022,CN,122,40702660,Кредиты Ставрополь
6024,CN,122,40702660,Кредиты Ставрополь
6027,CN,122,40702660,Кредиты Ставрополь
8364,CN,122,40702660,Кредиты Ставрополь
60,CN,122,40702660,Кредиты Ставрополь
6035,CO,123,42618672,Кредиты Назрань
49,CV,130,45773603,Кредиты Западно-Уральского банка
4900,CV,130,45773603,Кредиты Западно-Уральского банка
4901,CV,130,45773603,Кредиты Западно-Уральского банка
4902,CV,130,45773603,Кредиты Западно-Уральского банка
4903,CV,130,45773603,Кредиты Западно-Уральского банка
4904,CV,130,45773603,Кредиты Западно-Уральского банка
4905,CV,130,45773603,Кредиты Западно-Уральского банка
4906,CV,130,45773603,Кредиты Западно-Уральского банка
4907,CV,130,45773603,Кредиты Западно-Уральского банка
4908,CV,130,45773603,Кредиты Западно-Уральского банка
4909,CV,130,45773603,Кредиты Западно-Уральского банка
4910,CV,130,45773603,Кредиты Западно-Уральского банка
4911,CV,130,45773603,Кредиты Западно-Уральского банка
4912,CV,130,45773603,Кредиты Западно-Уральского банка
4913,CV,130,45773603,Кредиты Западно-Уральского банка
4914,CV,130,45773603,Кредиты Западно-Уральского банка
4915,CV,130,45773603,Кредиты Западно-Уральского банка
4916,CV,130,45773603,Кредиты Западно-Уральского банка
4917,CV,130,45773603,Кредиты Западно-Уральского банка
4918,CV,130,45773603,Кредиты Западно-Уральского банка
4919,CV,130,45773603,Кредиты Западно-Уральского банка
4920,CV,130,45773603,Кредиты Западно-Уральского банка
4921,CV,130,45773603,Кредиты Западно-Уральского банка
4922,CV,130,45773603,Кредиты Западно-Уральского банка
4923,CV,130,45773603,Кредиты Западно-Уральского банка
4924,CV,130,45773603,Кредиты Западно-Уральского банка
4925,CV,130,45773603,Кредиты Западно-Уральского банка
4926,CV,130,45773603,Кредиты Западно-Уральского банка
4927,CV,130,45773603,Кредиты Западно-Уральского банка
4928,CV,130,45773603,Кредиты Западно-Уральского банка
4929,CV,130,45773603,Кредиты Западно-Уральского банка
4930,CV,130,45773603,Кредиты Западно-Уральского банка
4931,CV,130,45773603,Кредиты Западно-Уральского банка
4932,CV,130,45773603,Кредиты Западно-Уральского банка
4933,CV,130,45773603,Кредиты Западно-Уральского банка
4934,CV,130,45773603,Кредиты Западно-Уральского банка
4935,CV,130,45773603,Кредиты Западно-Уральского банка
4936,CV,130,45773603,Кредиты Западно-Уральского банка
4937,CV,130,45773603,Кредиты Западно-Уральского банка
4938,CV,130,45773603,Кредиты Западно-Уральского банка
4939,CV,130,45773603,Кредиты Западно-Уральского банка
4940,CV,130,45773603,Кредиты Западно-Уральского банка
4941,CV,130,45773603,Кредиты Западно-Уральского банка
4942,CV,130,45773603,Кредиты Западно-Уральского банка
4943,CV,130,45773603,Кредиты Западно-Уральского банка
4944,CV,130,45773603,Кредиты Западно-Уральского банка
4945,CV,130,45773603,Кредиты Западно-Уральского банка
4946,CV,130,45773603,Кредиты Западно-Уральского банка
4947,CV,130,45773603,Кредиты Западно-Уральского банка
4948,CV,130,45773603,Кредиты Западно-Уральского банка
4949,CV,130,45773603,Кредиты Западно-Уральского банка
4950,CV,130,45773603,Кредиты Западно-Уральского банка
4951,CV,130,45773603,Кредиты Западно-Уральского банка
4952,CV,130,45773603,Кредиты Западно-Уральского банка
4953,CV,130,45773603,Кредиты Западно-Уральского банка
4954,CV,130,45773603,Кредиты Западно-Уральского банка
4955,CV,130,45773603,Кредиты Западно-Уральского банка
4956,CV,130,45773603,Кредиты Западно-Уральского банка
4957,CV,130,45773603,Кредиты Западно-Уральского банка
4958,CV,130,45773603,Кредиты Западно-Уральского банка
4959,CV,130,45773603,Кредиты Западно-Уральского банка
4960,CV,130,45773603,Кредиты Западно-Уральского банка
4961,CV,130,45773603,Кредиты Западно-Уральского банка
4962,CV,130,45773603,Кредиты Западно-Уральского банка
4963,CV,130,45773603,Кредиты Западно-Уральского банка
4964,CV,130,45773603,Кредиты Западно-Уральского банка
4965,CV,130,45773603,Кредиты Западно-Уральского банка
4966,CV,130,45773603,Кредиты Западно-Уральского банка
4967,CV,130,45773603,Кредиты Западно-Уральского банка
4968,CV,130,45773603,Кредиты Западно-Уральского банка
4969,CV,130,45773603,Кредиты Западно-Уральского банка
4970,CV,130,45773603,Кредиты Западно-Уральского банка
4971,CV,130,45773603,Кредиты Западно-Уральского банка
4972,CV,130,45773603,Кредиты Западно-Уральского банка
4973,CV,130,45773603,Кредиты Западно-Уральского банка
4974,CV,130,45773603,Кредиты Западно-Уральского банка
4975,CV,130,45773603,Кредиты Западно-Уральского банка
4976,CV,130,45773603,Кредиты Западно-Уральского банка
4977,CV,130,45773603,Кредиты Западно-Уральского банка
4978,CV,130,45773603,Кредиты Западно-Уральского банка
4979,CV,130,45773603,Кредиты Западно-Уральского банка
4980,CV,130,45773603,Кредиты Западно-Уральского банка
4981,CV,130,45773603,Кредиты Западно-Уральского банка
4982,CV,130,45773603,Кредиты Западно-Уральского банка
4983,CV,130,45773603,Кредиты Западно-Уральского банка
4984,CV,130,45773603,Кредиты Западно-Уральского банка
4985,CV,130,45773603,Кредиты Западно-Уральского банка
4986,CV,130,45773603,Кредиты Западно-Уральского банка
4987,CV,130,45773603,Кредиты Западно-Уральского банка
4988,CV,130,45773603,Кредиты Западно-Уральского банка
4989,CV,130,45773603,Кредиты Западно-Уральского банка
4990,CV,130,45773603,Кредиты Западно-Уральского банка
4991,CV,130,45773603,Кредиты Западно-Уральского банка
4992,CV,130,45773603,Кредиты Западно-Уральского банка
4993,CV,130,45773603,Кредиты Западно-Уральского банка
4994,CV,130,45773603,Кредиты Западно-Уральского банка
4995,CV,130,45773603,Кредиты Западно-Уральского банка
4996,CV,130,45773603,Кредиты Западно-Уральского банка
4997,CV,130,45773603,Кредиты Западно-Уральского банка
4998,CV,130,45773603,Кредиты Западно-Уральского банка
4999,CV,130,45773603,Кредиты Западно-Уральского банка
28,CV,130,48702640,Кредиты Коми банка
2800,CV,130,48702640,Кредиты Коми банка
2801,CV,130,48702640,Кредиты Коми банка
2802,CV,130,48702640,Кредиты Коми банка
2803,CV,130,48702640,Кредиты Коми банка
2804,CV,130,48702640,Кредиты Коми банка
2805,CV,130,48702640,Кредиты Коми банка
2806,CV,130,48702640,Кредиты Коми банка
2807,CV,130,48702640,Кредиты Коми банка
2808,CV,130,48702640,Кредиты Коми банка
2809,CV,130,48702640,Кредиты Коми банка
2810,CV,130,48702640,Кредиты Коми банка
2811,CV,130,48702640,Кредиты Коми банка
2812,CV,130,48702640,Кредиты Коми банка
2813,CV,130,48702640,Кредиты Коми банка
2814,CV,130,48702640,Кредиты Коми банка
2815,CV,130,48702640,Кредиты Коми банка
2816,CV,130,48702640,Кредиты Коми банка
2817,CV,130,48702640,Кредиты Коми банка
2818,CV,130,48702640,Кредиты Коми банка
2819,CV,130,48702640,Кредиты Коми банка
2820,CV,130,48702640,Кредиты Коми банка
2821,CV,130,48702640,Кредиты Коми банка
2822,CV,130,48702640,Кредиты Коми банка
2823,CV,130,48702640,Кредиты Коми банка
2824,CV,130,48702640,Кредиты Коми банка
2825,CV,130,48702640,Кредиты Коми банка
2826,CV,130,48702640,Кредиты Коми банка
2827,CV,130,48702640,Кредиты Коми банка
2828,CV,130,48702640,Кредиты Коми банка
2829,CV,130,48702640,Кредиты Коми банка
2830,CV,130,48702640,Кредиты Коми банка
2831,CV,130,48702640,Кредиты Коми банка
2832,CV,130,48702640,Кредиты Коми банка
2833,CV,130,48702640,Кредиты Коми банка
2834,CV,130,48702640,Кредиты Коми банка
2835,CV,130,48702640,Кредиты Коми банка
2836,CV,130,48702640,Кредиты Коми банка
2837,CV,130,48702640,Кредиты Коми банка
2838,CV,130,48702640,Кредиты Коми банка
2839,CV,130,48702640,Кредиты Коми банка
2840,CV,130,48702640,Кредиты Коми банка
2841,CV,130,48702640,Кредиты Коми банка
2842,CV,130,48702640,Кредиты Коми банка
2843,CV,130,48702640,Кредиты Коми банка
2844,CV,130,48702640,Кредиты Коми банка
2845,CV,130,48702640,Кредиты Коми банка
2846,CV,130,48702640,Кредиты Коми банка
2847,CV,130,48702640,Кредиты Коми банка
2848,CV,130,48702640,Кредиты Коми банка
2849,CV,130,48702640,Кредиты Коми банка
2850,CV,130,48702640,Кредиты Коми банка
2851,CV,130,48702640,Кредиты Коми банка
2852,CV,130,48702640,Кредиты Коми банка
2853,CV,130,48702640,Кредиты Коми банка
2854,CV,130,48702640,Кредиты Коми банка
2855,CV,130,48702640,Кредиты Коми банка
2856,CV,130,48702640,Кредиты Коми банка
2857,CV,130,48702640,Кредиты Коми банка
2858,CV,130,48702640,Кредиты Коми банка
2859,CV,130,48702640,Кредиты Коми банка
2860,CV,130,48702640,Кредиты Коми банка
2861,CV,130,48702640,Кредиты Коми банка
2862,CV,130,48702640,Кредиты Коми банка
2863,CV,130,48702640,Кредиты Коми банка
2864,CV,130,48702640,Кредиты Коми банка
2865,CV,130,48702640,Кредиты Коми банка
2866,CV,130,48702640,Кредиты Коми банка
2867,CV,130,48702640,Кредиты Коми банка
2868,CV,130,48702640,Кредиты Коми банка
2869,CV,130,48702640,Кредиты Коми банка
2870,CV,130,48702640,Кредиты Коми банка
2871,CV,130,48702640,Кредиты Коми банка
2872,CV,130,48702640,Кредиты Коми банка
2873,CV,130,48702640,Кредиты Коми банка
2874,CV,130,48702640,Кредиты Коми банка
2875,CV,130,48702640,Кредиты Коми банка
2876,CV,130,48702640,Кредиты Коми банка
2877,CV,130,48702640,Кредиты Коми банка
2878,CV,130,48702640,Кредиты Коми банка
2879,CV,130,48702640,Кредиты Коми банка
2880,CV,130,48702640,Кредиты Коми банка
2881,CV,130,48702640,Кредиты Коми банка
2882,CV,130,48702640,Кредиты Коми банка
2883,CV,130,48702640,Кредиты Коми банка
2884,CV,130,48702640,Кредиты Коми банка
2885,CV,130,48702640,Кредиты Коми банка
2886,CV,130,48702640,Кредиты Коми банка
2887,CV,130,48702640,Кредиты Коми банка
2888,CV,130,48702640,Кредиты Коми банка
2889,CV,130,48702640,Кредиты Коми банка
2890,CV,130,48702640,Кредиты Коми банка
2891,CV,130,48702640,Кредиты Коми банка
2892,CV,130,48702640,Кредиты Коми банка
2893,CV,130,48702640,Кредиты Коми банка
2894,CV,130,48702640,Кредиты Коми банка
2895,CV,130,48702640,Кредиты Коми банка
2896,CV,130,48702640,Кредиты Коми банка
2897,CV,130,48702640,Кредиты Коми банка
2898,CV,130,48702640,Кредиты Коми банка
2899,CV,130,48702640,Кредиты Коми банка
68,CV,130,49401601,Кредиты Удмуртского банка
6800,CV,130,49401601,Кредиты Удмуртского банка
6801,CV,130,49401601,Кредиты Удмуртского банка
6802,CV,130,49401601,Кредиты Удмуртского банка
6803,CV,130,49401601,Кредиты Удмуртского банка
6804,CV,130,49401601,Кредиты Удмуртского банка
6805,CV,130,49401601,Кредиты Удмуртского банка
6806,CV,130,49401601,Кредиты Удмуртского банка
6807,CV,130,49401601,Кредиты Удмуртского банка
6808,CV,130,49401601,Кредиты Удмуртского банка
6809,CV,130,49401601,Кредиты Удмуртского банка
6810,CV,130,49401601,Кредиты Удмуртского банка
6811,CV,130,49401601,Кредиты Удмуртского банка
6812,CV,130,49401601,Кредиты Удмуртского банка
6813,CV,130,49401601,Кредиты Удмуртского банка
6814,CV,130,49401601,Кредиты Удмуртского банка
6815,CV,130,49401601,Кредиты Удмуртского банка
6816,CV,130,49401601,Кредиты Удмуртского банка
6817,CV,130,49401601,Кредиты Удмуртского банка
6818,CV,130,49401601,Кредиты Удмуртского банка
6819,CV,130,49401601,Кредиты Удмуртского банка
6820,CV,130,49401601,Кредиты Удмуртского банка
6821,CV,130,49401601,Кредиты Удмуртского банка
6822,CV,130,49401601,Кредиты Удмуртского банка
6823,CV,130,49401601,Кредиты Удмуртского банка
6824,CV,130,49401601,Кредиты Удмуртского банка
6825,CV,130,49401601,Кредиты Удмуртского банка
6826,CV,130,49401601,Кредиты Удмуртского банка
6827,CV,130,49401601,Кредиты Удмуртского банка
6828,CV,130,49401601,Кредиты Удмуртского банка
6829,CV,130,49401601,Кредиты Удмуртского банка
6830,CV,130,49401601,Кредиты Удмуртского банка
6831,CV,130,49401601,Кредиты Удмуртского банка
6832,CV,130,49401601,Кредиты Удмуртского банка
6833,CV,130,49401601,Кредиты Удмуртского банка
6834,CV,130,49401601,Кредиты Удмуртского банка
6835,CV,130,49401601,Кредиты Удмуртского банка
6836,CV,130,49401601,Кредиты Удмуртского банка
6837,CV,130,49401601,Кредиты Удмуртского банка
6838,CV,130,49401601,Кредиты Удмуртского банка
6839,CV,130,49401601,Кредиты Удмуртского банка
6840,CV,130,49401601,Кредиты Удмуртского банка
6841,CV,130,49401601,Кредиты Удмуртского банка
6842,CV,130,49401601,Кредиты Удмуртского банка
6843,CV,130,49401601,Кредиты Удмуртского банка
6844,CV,130,49401601,Кредиты Удмуртского банка
6845,CV,130,49401601,Кредиты Удмуртского банка
6846,CV,130,49401601,Кредиты Удмуртского банка
6847,CV,130,49401601,Кредиты Удмуртского банка
6848,CV,130,49401601,Кредиты Удмуртского банка
6849,CV,130,49401601,Кредиты Удмуртского банка
6850,CV,130,49401601,Кредиты Удмуртского банка
6851,CV,130,49401601,Кредиты Удмуртского банка
6852,CV,130,49401601,Кредиты Удмуртского банка
6853,CV,130,49401601,Кредиты Удмуртского банка
6854,CV,130,49401601,Кредиты Удмуртского банка
6855,CV,130,49401601,Кредиты Удмуртского банка
6856,CV,130,49401601,Кредиты Удмуртского банка
6857,CV,130,49401601,Кредиты Удмуртского банка
6858,CV,130,49401601,Кредиты Удмуртского банка
6859,CV,130,49401601,Кредиты Удмуртского банка
6860,CV,130,49401601,Кредиты Удмуртского банка
6861,CV,130,49401601,Кредиты Удмуртского банка
6862,CV,130,49401601,Кредиты Удмуртского банка
6863,CV,130,49401601,Кредиты Удмуртского банка
6864,CV,130,49401601,Кредиты Удмуртского банка
6865,CV,130,49401601,Кредиты Удмуртского банка
6866,CV,130,49401601,Кредиты Удмуртского банка
6867,CV,130,49401601,Кредиты Удмуртского банка
6868,CV,130,49401601,Кредиты Удмуртского банка
6869,CV,130,49401601,Кредиты Удмуртского банка
6870,CV,130,49401601,Кредиты Удмуртского банка
6871,CV,130,49401601,Кредиты Удмуртского банка
6872,CV,130,49401601,Кредиты Удмуртского банка
6873,CV,130,49401601,Кредиты Удмуртского банка
6874,CV,130,49401601,Кредиты Удмуртского банка
6875,CV,130,49401601,Кредиты Удмуртского банка
6876,CV,130,49401601,Кредиты Удмуртского банка
6877,CV,130,49401601,Кредиты Удмуртского банка
6878,CV,130,49401601,Кредиты Удмуртского банка
6879,CV,130,49401601,Кредиты Удмуртского банка
6880,CV,130,49401601,Кредиты Удмуртского банка
6881,CV,130,49401601,Кредиты Удмуртского банка
6882,CV,130,49401601,Кредиты Удмуртского банка
6883,CV,130,49401601,Кредиты Удмуртского банка
6884,CV,130,49401601,Кредиты Удмуртского банка
6885,CV,130,49401601,Кредиты Удмуртского банка
6886,CV,130,49401601,Кредиты Удмуртского банка
6887,CV,130,49401601,Кредиты Удмуртского банка
6888,CV,130,49401601,Кредиты Удмуртского банка
6889,CV,130,49401601,Кредиты Удмуртского банка
6890,CV,130,49401601,Кредиты Удмуртского банка
6891,CV,130,49401601,Кредиты Удмуртского банка
6892,CV,130,49401601,Кредиты Удмуртского банка
6893,CV,130,49401601,Кредиты Удмуртского банка
6894,CV,130,49401601,Кредиты Удмуртского банка
6895,CV,130,49401601,Кредиты Удмуртского банка
6896,CV,130,49401601,Кредиты Удмуртского банка
6897,CV,130,49401601,Кредиты Удмуртского банка
6898,CV,130,49401601,Кредиты Удмуртского банка
6899,CV,130,49401601,Кредиты Удмуртского банка
44,CX,132,45004641,Кредиты Сибирского банка
4400,CX,132,45004641,Кредиты Сибирского банка
26,CX,132,43207612,Кредиты Кемеровского банка
2600,CX,132,43207612,Кредиты Кемеровского банка
64,CX,132,46902606,Кредиты Томского банка
6400,CX,132,46902606,Кредиты Томского банка
2612,CX,132,45004641,Кредиты Анжеро-Судженское ОСБ 2356
2614,CX,132,45004641,Кредиты Беловское ОСБ 2359
2611,CX,132,45004641,Кредиты Беловское ОСБ 2359
2617,CX,132,45004641,Кредиты Городское ОСБ 2363
2604,CX,132,45004641,Кредиты Городское ОСБ 2363
2621,CX,132,45004641,Кредиты Городское ОСБ 2363
2618,CX,132,45004641,Кредиты Ленинск-Кузнецкое ОСБ 2364
2615,CX,132,45004641,Кредиты Ленинск-Кузнецкое ОСБ 2364
2605,CX,132,45004641,Кредиты Ленинск-Кузнецкое ОСБ 2364
2606,CX,132,45004641,Кредиты Юргинское ОСБ 5963
2610,CX,132,45004641,Кредиты Таштагольское ОСБ 6244
2622,CX,132,45004641,Кредиты Мариинское ОСБ 7388
2607,CX,132,45004641,Кредиты Междуреченское ОСБ 7763